{
  "epoch": [
    1,
    2,
    3,
    4,
    5,
    6,
    7,
    8,
    9,
    10
  ],
  "iter": [],
  "train_loss": [
    [
      1.2711360454559326,
      1.2665575742721558,
      1.2594035863876343,
      1.2660443782806396,
      1.2664421796798706,
      1.2551355361938477,
      1.2576472759246826,
      1.2535400390625,
      1.2653145790100098,
      1.2711126804351807,
      1.2687256336212158,
      1.2599825859069824,
      1.255139946937561,
      1.2879784107208252,
      1.2618565559387207,
      1.2537370920181274,
      1.2632396221160889,
      1.2686277627944946,
      1.2755268812179565,
      1.2771855592727661,
      1.2652184963226318,
      1.2707135677337646,
      0.9392454624176025
    ],
    [
      1.4181108474731445,
      1.4208035469055176,
      1.4233440160751343,
      1.427220106124878,
      1.414479374885559,
      1.4210553169250488,
      1.42079758644104,
      1.417564034461975,
      1.4135578870773315,
      1.4110033512115479,
      1.4081859588623047,
      1.4232215881347656,
      1.4115937948226929,
      1.416512370109558,
      1.408119797706604,
      1.4113426208496094,
      1.4229516983032227,
      1.4150971174240112,
      1.4237053394317627,
      1.4197766780853271,
      1.4237104654312134,
      1.410098910331726,
      1.1111068725585938
    ],
    [
      1.2764668464660645,
      1.265216588973999,
      1.2674940824508667,
      1.2621588706970215,
      1.261823296546936,
      1.2657297849655151,
      1.270422101020813,
      1.263150691986084,
      1.2602894306182861,
      1.2542195320129395,
      1.2680344581604004,
      1.261411428451538,
      1.2559852600097656,
      1.2576196193695068,
      1.2708158493041992,
      1.2723602056503296,
      1.2648262977600098,
      1.2744238376617432,
      1.2697019577026367,
      1.2598576545715332,
      1.275852084159851,
      1.2622554302215576,
      0.9526085257530212
    ],
    [
      1.2623553276062012,
      1.2629365921020508,
      1.2678818702697754,
      1.2678992748260498,
      1.267258882522583,
      1.2729284763336182,
      1.2683591842651367,
      1.2585642337799072,
      1.2792706489562988,
      1.2667770385742188,
      1.2701921463012695,
      1.2724967002868652,
      1.2613515853881836,
      1.2529566287994385,
      1.2555266618728638,
      1.273531436920166,
      1.247714638710022,
      1.2683179378509521,
      1.2725704908370972,
      1.2720015048980713,
      1.2627956867218018,
      1.2633748054504395,
      0.9612127542495728
    ],
    [
      1.2610212564468384,
      1.2715959548950195,
      1.2563772201538086,
      1.2692831754684448,
      1.2561101913452148,
      1.2588673830032349,
      1.2510662078857422,
      1.259760856628418,
      1.2735110521316528,
      1.271388053894043,
      1.2518564462661743,
      1.2644600868225098,
      1.2720439434051514,
      1.2628543376922607,
      1.2687236070632935,
      1.2664515972137451,
      1.263554334640503,
      1.267112135887146,
      1.2642817497253418,
      1.2722883224487305,
      1.257764458656311,
      1.2650620937347412,
      0.9642571210861206
    ],
    [
      1.2665984630584717,
      1.2688143253326416,
      1.2686522006988525,
      1.2648695707321167,
      1.2635146379470825,
      1.272796392440796,
      1.26499605178833,
      1.262718915939331,
      1.268906593322754,
      1.2548567056655884,
      1.2680878639221191,
      1.2590782642364502,
      1.2703685760498047,
      1.2812169790267944,
      1.2645927667617798,
      1.2647658586502075,
      1.276358723640442,
      1.260484218597412,
      1.2630598545074463,
      1.2709450721740723,
      1.2647596597671509,
      1.2797390222549438,
      0.9634684324264526
    ],
    [
      1.2685482501983643,
      1.264016032218933,
      1.2635691165924072,
      1.2598127126693726,
      1.2709746360778809,
      1.2681329250335693,
      1.2725787162780762,
      1.2664079666137695,
      1.2750307321548462,
      1.2725534439086914,
      1.2704038619995117,
      1.2733032703399658,
      1.2574602365493774,
      1.275787115097046,
      1.268033742904663,
      1.259009838104248,
      1.2553106546401978,
      1.2558767795562744,
      1.2781596183776855,
      1.2565923929214478,
      1.2666006088256836,
      1.2611935138702393,
      0.9451652765274048
    ],
    [
      1.2770686149597168,
      1.2705700397491455,
      1.2696024179458618,
      1.2643191814422607,
      1.2580124139785767,
      1.2653071880340576,
      1.2691447734832764,
      1.2743676900863647,
      1.2553620338439941,
      1.2694838047027588,
      1.2621619701385498,
      1.2571375370025635,
      1.2692567110061646,
      1.268100619316101,
      1.2710906267166138,
      1.2603206634521484,
      1.2567254304885864,
      1.2704846858978271,
      1.2684049606323242,
      1.269209384918213,
      1.264296293258667,
      1.2538291215896606,
      0.9509643316268921
    ],
    [
      1.262235403060913,
      1.2662298679351807,
      1.2701454162597656,
      1.2546921968460083,
      1.2657113075256348,
      1.272655963897705,
      1.2612783908843994,
      1.2763925790786743,
      1.270237684249878,
      1.2593132257461548,
      1.2669737339019775,
      1.2706048488616943,
      1.277469277381897,
      1.259300947189331,
      1.2665181159973145,
      1.2734999656677246,
      1.250089406967163,
      1.2723851203918457,
      1.2616689205169678,
      1.2681421041488647,
      1.2650561332702637,
      1.2733021974563599,
      0.9486007690429688
    ],
    [
      1.2610280513763428,
      1.271021842956543,
      1.257936716079712,
      1.2633180618286133,
      1.2620480060577393,
      1.2697324752807617,
      1.257408618927002,
      1.2671312093734741,
      1.2648365497589111,
      1.2625857591629028,
      1.2662029266357422,
      1.2626636028289795,
      1.269580602645874,
      1.2586076259613037,
      1.2663155794143677,
      1.2633999586105347,
      1.2596793174743652,
      1.2726190090179443,
      1.2620513439178467,
      1.266496181488037,
      1.2621896266937256,
      1.2680811882019043,
      0.9640049338340759
    ]
  ],
  "valid_loss": [],