{
  "epoch": [
    1,
    2,
    3,
    4,
    5,
    6,
    7,
    8,
    9,
    10
  ],
  "iter": [],
  "train_loss": [
    [
      1.251172423362732,
      1.2422081232070923,
      1.2427117824554443,
      1.2491538524627686,
      1.2650779485702515,
      1.248448133468628,
      1.2499127388000488,
      1.2461599111557007,
      1.2517964839935303,
      1.2516628503799438,
      1.2482662200927734,
      1.244729995727539,
      1.2550305128097534,
      1.2532706260681152,
      1.2627837657928467,
      1.2526850700378418,
      1.2536972761154175,
      1.2339848279953003,
      1.2507761716842651,
      1.2485566139221191,
      1.2463747262954712,
      1.248795747756958,
      0.9172756671905518
    ],
    [
      1.3972384929656982,
      1.4017606973648071,
      1.399566650390625,
      1.4024592638015747,
      1.4071674346923828,
      1.3983060121536255,
      1.3953800201416016,
      1.3990477323532104,
      1.4017391204833984,
      1.3876585960388184,
      1.3983904123306274,
      1.377469778060913,
      1.4006234407424927,
      1.3919079303741455,
      1.4132976531982422,
      1.3970897197723389,
      1.4122828245162964,
      1.3977972269058228,
      1.4036142826080322,
      1.4044218063354492,
      1.405752182006836,
      1.404695749282837,
      1.0673143863677979
    ],
    [
      1.2575873136520386,
      1.2488830089569092,
      1.2616727352142334,
      1.2530925273895264,
      1.2470643520355225,
      1.2479767799377441,
      1.2423019409179688,
      1.2433531284332275,
      1.243024230003357,
      1.2523101568222046,
      1.2373017072677612,
      1.2422394752502441,
      1.2512094974517822,
      1.2609105110168457,
      1.2603533267974854,
      1.2522331476211548,
      1.2563414573669434,
      1.2486602067947388,
      1.2557798624038696,
      1.2478240728378296,
      1.2550910711288452,
      1.2480382919311523,
      0.92693030834198
    ],
    [
      1.2620813846588135,
      1.2512099742889404,
      1.256156325340271,
      1.2535548210144043,
      1.251928687095642,
      1.2579536437988281,
      1.2484774589538574,
      1.2483165264129639,
      1.2287291288375854,
      1.2528903484344482,
      1.2498571872711182,
      1.2436466217041016,
      1.2450995445251465,
      1.256148099899292,
      1.2388105392456055,
      1.258021593093872,
      1.2541899681091309,
      1.2474102973937988,
      1.2547335624694824,
      1.2529282569885254,
      1.2572383880615234,
      1.24606192111969,
      0.9177756905555725
    ],
    [
      1.2421936988830566,
      1.2522189617156982,
      1.2273612022399902,
      1.2537462711334229,
      1.2451231479644775,
      1.250357747077942,
      1.2491434812545776,
      1.2560421228408813,
      1.253509283065796,
      1.250694990158081,
      1.2466703653335571,
      1.2543361186981201,
      1.2395062446594238,
      1.2505683898925781,
      1.2588481903076172,
      1.2514396905899048,
      1.2539904117584229,
      1.258457899093628,
      1.250178337097168,
      1.2546132802963257,
      1.2531399726867676,
      1.253103494644165,
      0.9168022274971008
    ],
    [
      1.2434978485107422,
      1.2543363571166992,
      1.2450096607208252,
      1.2553601264953613,
      1.2547831535339355,
      1.249653697013855,
      1.2498743534088135,
      1.2428622245788574,
      1.2455992698669434,
      1.2500925064086914,
      1.247883915901184,
      1.252903938293457,
      1.2580137252807617,
      1.226166009902954,
      1.2519564628601074,
      1.2467020750045776,
      1.2500348091125488,
      1.2609717845916748,
      1.2581470012664795,
      1.253969669342041,
      1.243929386138916,
      1.2548372745513916,
      0.9168028235435486
    ],
    [
      1.2612357139587402,
      1.255725383758545,
      1.2536386251449585,
      1.2479262351989746,
      1.2485675811767578,
      1.2546863555908203,
      1.2522554397583008,
      1.2468256950378418,
      1.253191351890564,
      1.261768102645874,
      1.2523503303527832,
      1.24845290184021,
      1.2450497150421143,
      1.2574923038482666,
      1.2584184408187866,
      1.2554583549499512,
      1.2306640148162842,
      1.2497758865356445,
      1.2451549768447876,
      1.2548153400421143,
      1.2505650520324707,
      1.252803087234497,
      0.9220663905143738
    ],
    [
      1.255452275276184,
      1.2524058818817139,
      1.2544291019439697,
      1.252012014389038,
      1.240478277206421,
      1.2444558143615723,
      1.257310390472412,
      1.2498164176940918,
      1.2465945482254028,
      1.2525007724761963,
      1.2608284950256348,
      1.2537298202514648,
      1.2548370361328125,
      1.2449464797973633,
      1.252943992614746,
      1.2530992031097412,
      1.2622840404510498,
      1.2561450004577637,
      1.2571040391921997,
      1.2448596954345703,
      1.2533462047576904,
      1.2207727432250977,
      0.920507550239563
    ],
    [
      1.2552765607833862,
      1.241415023803711,
      1.252996563911438,
      1.2490071058273315,
      1.2570416927337646,
      1.2421767711639404,
      1.2568949460983276,
      1.2455785274505615,
      1.2392245531082153,
      1.2510254383087158,
      1.253413438796997,
      1.2513856887817383,
      1.2532706260681152,
      1.238406777381897,
      1.2461684942245483,
      1.2653746604919434,
      1.2529566287994385,
      1.2417519092559814,
      1.2531955242156982,
      1.2547214031219482,
      1.248805046081543,
      1.2483646869659424,
      0.9243910312652588
    ],
    [
      1.2544159889221191,
      1.2410786151885986,
      1.2428905963897705,
      1.2452694177627563,
      1.2547237873077393,
      1.2492151260375977,
      1.2544456720352173,
      1.2408151626586914,
      1.2497053146362305,
      1.2416105270385742,
      1.2590323686599731,
      1.2530081272125244,
      1.2350873947143555,
      1.2659993171691895,
      1.2552580833435059,
      1.2495739459991455,
      1.2506885528564453,
      1.2509338855743408,
      1.2509829998016357,
      1.247338056564331,
      1.2561904191970825,
      1.2552165985107422,
      0.9111365079879761
    ]
  ],
  "valid_loss": [],