{
  "epoch": [
    1,
    2,
    3,
    4,
    5,
    6,
    7,
    8,
    9,
    10
  ],
  "iter": [],
  "train_loss": [
    [
      1.271610975265503,
      1.2743383646011353,
      1.2703967094421387,
      1.2779585123062134,
      1.2672433853149414,
      1.2713186740875244,
      1.2681479454040527,
      1.2810189723968506,
      1.2732816934585571,
      1.2726253271102905,
      1.2656497955322266,
      1.2731523513793945,
      1.2729755640029907,
      1.2722774744033813,
      1.2709522247314453,
      1.2681102752685547,
      1.2721781730651855,
      1.2712098360061646,
      1.271346092224121,
      1.2754240036010742,
      1.279294490814209,
      1.2528376579284668
    ],
    [
      1.4231058359146118,
      1.4180349111557007,
      1.4311206340789795,
      1.420614242553711,
      1.425541877746582,
      1.4297159910202026,
      1.4199771881103516,
      1.429229497909546,
      1.4260151386260986,
      1.4236201047897339,
      1.4233299493789673,
      1.4312129020690918,
      1.3946336507797241,
      1.4156582355499268,
      1.423086404800415,
      1.4148032665252686,
      1.4214128255844116,
      1.4162075519561768,
      1.4217690229415894,
      1.4159891605377197,
      1.4240729808807373,
      1.4046673774719238
    ],
    [
      1.2796440124511719,
      1.2641184329986572,
      1.2720153331756592,
      1.2754318714141846,
      1.2909481525421143,
      1.2778246402740479,
      1.2639195919036865,
      1.2812495231628418,
      1.2699413299560547,
      1.2823066711425781,
      1.2745391130447388,
      1.2663283348083496,
      1.2708923816680908,
      1.2735135555267334,
      1.2695913314819336,
      1.2604162693023682,
      1.2718305587768555,
      1.264370322227478,
      1.2634847164154053,
      1.2677075862884521,
      1.2803608179092407,
      1.250783085823059
    ],
    [
      1.2698601484298706,
      1.2667834758758545,
      1.268767237663269,
      1.2573777437210083,
      1.2781919240951538,
      1.2630751132965088,
      1.2691447734832764,
      1.2690622806549072,
      1.2684264183044434,
      1.2779395580291748,
      1.274143934249878,
      1.2753245830535889,
      1.2784225940704346,
      1.2746270895004272,
      1.273861050605774,
      1.2666151523590088,
      1.2709710597991943,
      1.2785416841506958,
      1.2693476676940918,
      1.282759428024292,
      1.2798614501953125,
      1.2674684524536133
    ],
    [
      1.2753121852874756,
      1.2773462533950806,
      1.2732179164886475,
      1.2692570686340332,
      1.2593915462493896,
      1.2819550037384033,
      1.2722276449203491,
      1.2731603384017944,
      1.2708158493041992,
      1.2648725509643555,
      1.271597146987915,
      1.2765811681747437,
      1.265918493270874,
      1.269808292388916,
      1.2807505130767822,
      1.2535066604614258,
      1.2749874591827393,
      1.2697041034698486,
      1.2804620265960693,
      1.2665808200836182,
      1.2721716165542603,
      1.2628059387207031
    ],
    [
      1.2762291431427002,
      1.2557175159454346,
      1.257469892501831,
      1.2732800245285034,
      1.2702118158340454,
      1.265610694885254,
      1.2759227752685547,
      1.274021863937378,
      1.274326205253601,
      1.271503210067749,
      1.2695645093917847,
      1.2636988162994385,
      1.2722694873809814,
      1.2731612920761108,
      1.273158073425293,
      1.2744356393814087,
      1.2698943614959717,
      1.2783299684524536,
      1.2852723598480225,
      1.271883487701416,
      1.2767343521118164,
      1.2575972080230713
    ],
    [
      1.2789273262023926,
      1.2746399641036987,
      1.266993522644043,
      1.2754818201065063,
      1.2615844011306763,
      1.2652246952056885,
      1.2695236206054688,
      1.2810311317443848,
      1.264777421951294,
      1.2820258140563965,
      1.2857942581176758,
      1.2798619270324707,
      1.2611353397369385,
      1.278824806213379,
      1.2632055282592773,
      1.2710072994232178,
      1.270262360572815,
      1.274979591369629,
      1.268554449081421,
      1.2756822109222412,
      1.2763713598251343,
      1.2384111881256104
    ],
    [
      1.2706096172332764,
      1.273871660232544,
      1.2690303325653076,
      1.2519707679748535,
      1.2735440731048584,
      1.2724041938781738,
      1.2601358890533447,
      1.2745401859283447,
      1.2645939588546753,
      1.272031545639038,
      1.2730298042297363,
      1.2668983936309814,
      1.283990502357483,
      1.2756285667419434,
      1.2724233865737915,
      1.2753713130950928,
      1.2659413814544678,
      1.2780022621154785,
      1.2799134254455566,
      1.2748908996582031,
      1.2722340822219849,
      1.2564516067504883
    ],
    [
      1.2745999097824097,
      1.257010817527771,
      1.2629767656326294,
      1.2700557708740234,
      1.2769114971160889,
      1.2790203094482422,
      1.264978051185608,
      1.257318139076233,
      1.2752115726470947,
      1.2868914604187012,
      1.263328194618225,
      1.2738834619522095,
      1.273655652999878,
      1.2601487636566162,
      1.2714805603027344,
      1.2738227844238281,
      1.2746950387954712,
      1.2781715393066406,
      1.2710483074188232,
      1.26781165599823,
      1.2737762928009033,
      1.262262225151062
    ],
    [
      1.272779107093811,
      1.273254156112671,
      1.2908222675323486,
      1.2748669385910034,
      1.2674146890640259,
      1.2695200443267822,
      1.2677879333496094,
      1.2750284671783447,
      1.27638578414917,
      1.2760639190673828,
      1.2682660818099976,
      1.2721893787384033,
      1.2749197483062744,
      1.2726356983184814,
      1.2574964761734009,
      1.2642107009887695,
      1.2767205238342285,
      1.2627378702163696,
      1.2708890438079834,
      1.274773359298706,
      1.2698559761047363,
      1.2609515190124512
    ]
  ],
  "valid_loss": [],