{
  "epoch": [
    1,
    2,
    3,
    4,
    5,
    6,
    7,
    8,
    9,
    10
  ],
  "iter": [],
  "train_loss": [
    [
      1.2742314338684082,
      1.280663251876831,
      1.2606539726257324,
      1.2874295711517334,
      1.2840089797973633,
      1.2702679634094238,
      1.2629706859588623,
      1.2635540962219238,
      1.2724013328552246,
      1.267952799797058,
      1.2693284749984741,
      1.2598884105682373,
      1.2837313413619995,
      1.2788618803024292,
      1.2730132341384888,
      1.266723394393921,
      1.2798726558685303,
      1.248375415802002,
      1.2802412509918213,
      1.2691447734832764,
      1.281721591949463,
      1.2624471187591553
    ],
    [
      1.4292302131652832,
      1.4171394109725952,
      1.424674391746521,
      1.4209153652191162,
      1.4213718175888062,
      1.429252028465271,
      1.4210419654846191,
      1.43217134475708,
      1.4349966049194336,
      1.4225270748138428,
      1.4290305376052856,
      1.422223448753357,
      1.429858922958374,
      1.4215404987335205,
      1.4302350282669067,
      1.4222195148468018,
      1.4201823472976685,
      1.417881727218628,
      1.425931453704834,
      1.4084430932998657,
      1.4201754331588745,
      1.4114716053009033
    ],
    [
      1.267211675643921,
      1.2518514394760132,
      1.2784714698791504,
      1.2729473114013672,
      1.2878164052963257,
      1.280106782913208,
      1.2718168497085571,
      1.274823784828186,
      1.2812645435333252,
      1.2875564098358154,
      1.2667481899261475,
      1.2582087516784668,
      1.2798047065734863,
      1.2857707738876343,
      1.263869047164917,
      1.275411605834961,
      1.2630021572113037,
      1.2815239429473877,
      1.2789218425750732,
      1.2762929201126099,
      1.27470064163208,
      1.236638069152832
    ],
    [
      1.2703410387039185,
      1.2741646766662598,
      1.2714219093322754,
      1.2819092273712158,
      1.266770839691162,
      1.267703890800476,
      1.2678587436676025,
      1.2730021476745605,
      1.2790586948394775,
      1.2764601707458496,
      1.2730543613433838,
      1.2629072666168213,
      1.2829546928405762,
      1.255784511566162,
      1.2819361686706543,
      1.2862663269042969,
      1.2780259847640991,
      1.2584905624389648,
      1.2823461294174194,
      1.269068956375122,
      1.2889835834503174,
      1.2506506443023682
    ],
    [
      1.2561101913452148,
      1.2679636478424072,
      1.2718541622161865,
      1.2693634033203125,
      1.269923210144043,
      1.2813432216644287,
      1.272300124168396,
      1.275278925895691,
      1.285297155380249,
      1.2530944347381592,
      1.282151460647583,
      1.2747399806976318,
      1.2729567289352417,
      1.2748839855194092,
      1.272861361503601,
      1.2811028957366943,
      1.2712130546569824,
      1.2694151401519775,
      1.28505277633667,
      1.2776544094085693,
      1.2811291217803955,
      1.2622523307800293
    ],
    [
      1.2687122821807861,
      1.2784221172332764,
      1.2625377178192139,
      1.2758513689041138,
      1.2828941345214844,
      1.2726012468338013,
      1.28769850730896,
      1.2736644744873047,
      1.2806506156921387,
      1.27693772315979,
      1.2688183784484863,
      1.2751084566116333,
      1.28206467628479,
      1.2701677083969116,
      1.2737445831298828,
      1.261893391609192,
      1.2852120399475098,
      1.276442527770996,
      1.2685281038284302,
      1.248565673828125,
      1.2681586742401123,
      1.2642030715942383
    ],
    [
      1.2738008499145508,
      1.2848039865493774,
      1.2605185508728027,
      1.2811055183410645,
      1.2717328071594238,
      1.2847893238067627,
      1.2674427032470703,
      1.2867335081100464,
      1.277618169784546,
      1.274977207183838,
      1.2811188697814941,
      1.273171067237854,
      1.273792028427124,
      1.2664482593536377,
      1.274354100227356,
      1.2775459289550781,
      1.273342251777649,
      1.2706809043884277,
      1.2760286331176758,
      1.2723608016967773,
      1.2534925937652588,
      1.2550275325775146
    ],
    [
      1.2876675128936768,
      1.2699408531188965,
      1.272225260734558,
      1.2809662818908691,
      1.2878623008728027,
      1.2494664192199707,
      1.2773537635803223,
      1.2707048654556274,
      1.2747282981872559,
      1.28005051612854,
      1.2658190727233887,
      1.2577476501464844,
      1.281512975692749,
      1.2763755321502686,
      1.2549004554748535,
      1.2757786512374878,
      1.275274634361267,
      1.2750780582427979,
      1.2879843711853027,
      1.2625927925109863,
      1.2800780534744263,
      1.2465201616287231
    ],
    [
      1.2778947353363037,
      1.268938660621643,
      1.2864981889724731,
      1.2755268812179565,
      1.269117832183838,
      1.2851837873458862,
      1.267716407775879,
      1.278427243232727,
      1.2847299575805664,
      1.2739756107330322,
      1.2715826034545898,
      1.2773151397705078,
      1.2725833654403687,
      1.2582120895385742,
      1.274991750717163,
      1.2746490240097046,
      1.253246545791626,
      1.282326102256775,
      1.2640793323516846,
      1.2902979850769043,
      1.2645158767700195,
      1.2579865455627441
    ],
    [
      1.280550241470337,
      1.249964714050293,
      1.2828562259674072,
      1.2648913860321045,
      1.2655010223388672,
      1.2631525993347168,
      1.2742724418640137,
      1.2744313478469849,
      1.2811028957366943,
      1.2785933017730713,
      1.2745598554611206,
      1.2767446041107178,
      1.277068853378296,
      1.278517723083496,
      1.2622276544570923,
      1.2622172832489014,
      1.2696068286895752,
      1.2680987119674683,
      1.285252571105957,
      1.2811052799224854,
      1.2735464572906494,
      1.253432035446167
    ]
  ],
  "valid_loss": [],