{
  "epoch": [
    1,
    2,
    3,
    4,
    5,
    6,
    7,
    8,
    9,
    10
  ],
  "iter": [],
  "train_loss": [
    [
      1.271216630935669,
      1.2737070322036743,
      1.261580228805542,
      1.269814133644104,
      1.2734942436218262,
      1.2725307941436768,
      1.2682596445083618,
      1.2663097381591797,
      1.27859365940094,
      1.2633082866668701,
      1.2641987800598145,
      1.279746413230896,
      1.276733160018921,
      1.2738497257232666,
      1.2535041570663452,
      1.2679437398910522,
      1.264401912689209,
      1.2586379051208496,
      1.2762975692749023,
      1.2754740715026855,
      1.269553303718567,
      1.2771966457366943,
      0.9348980188369751
    ],
    [
      1.4165250062942505,
      1.4259055852890015,
      1.4212919473648071,
      1.433470606803894,
      1.4268685579299927,
      1.424403429031372,
      1.4254939556121826,
      1.421554684638977,
      1.4163295030593872,
      1.419726014137268,
      1.4156441688537598,
      1.4100658893585205,
      1.426326036453247,
      1.4235868453979492,
      1.401151418685913,
      1.4197361469268799,
      1.4153701066970825,
      1.4086081981658936,
      1.4234073162078857,
      1.4189293384552002,
      1.4214160442352295,
      1.4235903024673462,
      1.061118721961975
    ],
    [
      1.2672665119171143,
      1.262091875076294,
      1.26979660987854,
      1.2622668743133545,
      1.2720223665237427,
      1.2774834632873535,
      1.2694908380508423,
      1.271483063697815,
      1.2737901210784912,
      1.2741615772247314,
      1.267030954360962,
      1.2686233520507812,
      1.2686944007873535,
      1.2723441123962402,
      1.2732036113739014,
      1.241542100906372,
      1.2720372676849365,
      1.2720916271209717,
      1.276128888130188,
      1.261864423751831,
      1.2792176008224487,
      1.2621254920959473,
      0.9179273843765259
    ],
    [
      1.2836084365844727,
      1.2709288597106934,
      1.2866694927215576,
      1.2736197710037231,
      1.2612740993499756,
      1.2587251663208008,
      1.2714591026306152,
      1.2754548788070679,
      1.2750906944274902,
      1.271277904510498,
      1.2617946863174438,
      1.275915503501892,
      1.2628369331359863,
      1.2682373523712158,
      1.272461175918579,
      1.2691608667373657,
      1.2613297700881958,
      1.2747364044189453,
      1.2802960872650146,
      1.2716745138168335,
      1.2428762912750244,
      1.2674622535705566,
      0.9270504117012024
    ],
    [
      1.2678587436676025,
      1.2685637474060059,
      1.2694547176361084,
      1.2684903144836426,
      1.2648608684539795,
      1.2768758535385132,
      1.2714788913726807,
      1.26002836227417,
      1.2697927951812744,
      1.2637965679168701,
      1.2705450057983398,
      1.2784464359283447,
      1.269875168800354,
      1.266263723373413,
      1.2827117443084717,
      1.2635549306869507,
      1.2727770805358887,
      1.2804911136627197,
      1.2613649368286133,
      1.2690216302871704,
      1.2501368522644043,
      1.2677736282348633,
      0.9289054870605469
    ],
    [
      1.2674287557601929,
      1.2729586362838745,
      1.2680585384368896,
      1.2542403936386108,
      1.2708079814910889,
      1.2728157043457031,
      1.2409855127334595,
      1.280248999595642,
      1.2806048393249512,
      1.264275312423706,
      1.2806062698364258,
      1.2839106321334839,
      1.2719295024871826,
      1.269695520401001,
      1.257399082183838,
      1.2632977962493896,
      1.2781789302825928,
      1.2760071754455566,
      1.2785654067993164,
      1.2709863185882568,
      1.2675942182540894,
      1.2629942893981934,
      0.9089068174362183
    ],
    [
      1.2651612758636475,
      1.2608129978179932,
      1.2652837038040161,
      1.2739019393920898,
      1.271597146987915,
      1.2750780582427979,
      1.2676117420196533,
      1.2740602493286133,
      1.232479453086853,
      1.2665247917175293,
      1.2679729461669922,
      1.2712504863739014,
      1.2661523818969727,
      1.2703447341918945,
      1.2748801708221436,
      1.275972843170166,
      1.2723472118377686,
      1.2821229696273804,
      1.2670601606369019,
      1.277472734451294,
      1.2644829750061035,
      1.2628204822540283,
      0.9307947158813477
    ],
    [
      1.2750540971755981,
      1.268628478050232,
      1.2606549263000488,
      1.270401120185852,
      1.2761200666427612,
      1.2675992250442505,
      1.2711306810379028,
      1.267876148223877,
      1.2755250930786133,
      1.2754322290420532,
      1.2656745910644531,
      1.2767858505249023,
      1.2599906921386719,
      1.2618129253387451,
      1.2702751159667969,
      1.2657005786895752,
      1.2710801362991333,
      1.2652058601379395,
      1.278877854347229,
      1.2755107879638672,
      1.2521727085113525,
      1.270721435546875,
      0.9358136653900146
    ],
    [
      1.2781481742858887,
      1.2405754327774048,
      1.2910062074661255,
      1.27958083152771,
      1.2674839496612549,
      1.2594494819641113,
      1.2763673067092896,
      1.2757998704910278,
      1.2504243850708008,
      1.2644433975219727,
      1.2710438966751099,
      1.2732456922531128,
      1.274393081665039,
      1.2669496536254883,
      1.2746434211730957,
      1.276632308959961,
      1.2609286308288574,
      1.2625666856765747,
      1.2722539901733398,
      1.269242286682129,
      1.2626888751983643,
      1.2774343490600586,
      0.9212867021560669
    ],
    [
      1.2695395946502686,
      1.266730546951294,
      1.2630221843719482,
      1.2761914730072021,
      1.265594482421875,
      1.2738341093063354,
      1.2596099376678467,
      1.257120132446289,
      1.2743728160858154,
      1.2760818004608154,
      1.273097276687622,
      1.2795765399932861,
      1.2766647338867188,
      1.2667752504348755,
      1.273728847503662,
      1.2783443927764893,
      1.2815585136413574,
      1.2578468322753906,
      1.266594409942627,
      1.2589070796966553,
      1.2723698616027832,
      1.2633907794952393,
      0.9374420642852783
    ]
  ],
  "valid_loss": [],