{
  "epoch": [
    1,
    2,
    3,
    4,
    5,
    6,
    7,
    8,
    9,
    10
  ],
  "iter": [],
  "train_loss": [
    [
      1.2680041790008545,
      1.2671093940734863,
      1.2744929790496826,
      1.2670117616653442,
      1.2712284326553345,
      1.2677555084228516,
      1.2630953788757324,
      1.2693098783493042,
      1.2627229690551758,
      1.2617424726486206,
      1.2766294479370117,
      1.2650434970855713,
      1.2597509622573853,
      1.251863956451416,
      1.2697279453277588,
      1.2595674991607666,
      1.2666568756103516,
      1.2720447778701782,
      1.2530603408813477,
      1.2530901432037354,
      1.267723560333252,
      1.1818430423736572
    ],
    [
      1.4183926582336426,
      1.4143258333206177,
      1.421678900718689,
      1.41495943069458,
      1.4108691215515137,
      1.4299473762512207,
      1.4212117195129395,
      1.411993145942688,
      1.4174445867538452,
      1.4095293283462524,
      1.4127110242843628,
      1.4207996129989624,
      1.392874836921692,
      1.42208993434906,
      1.4114104509353638,
      1.415171504020691,
      1.406267762184143,
      1.4190027713775635,
      1.4132623672485352,
      1.423503041267395,
      1.418500304222107,
      1.3380656242370605
    ],
    [
      1.2636688947677612,
      1.2693617343902588,
      1.2637805938720703,
      1.2472739219665527,
      1.270430088043213,
      1.2717833518981934,
      1.2715932130813599,
      1.273589849472046,
      1.2665719985961914,
      1.2585642337799072,
      1.262495517730713,
      1.2667306661605835,
      1.2680089473724365,
      1.2737822532653809,
      1.2702478170394897,
      1.2648625373840332,
      1.2672812938690186,
      1.2705761194229126,
      1.2729742527008057,
      1.2696086168289185,
      1.2547154426574707,
      1.1900537014007568
    ],
    [
      1.2734090089797974,
      1.26474928855896,
      1.2636468410491943,
      1.2763378620147705,
      1.269787073135376,
      1.268970251083374,
      1.2619136571884155,
      1.2740204334259033,
      1.2576689720153809,
      1.275221824645996,
      1.276036024093628,
      1.2602214813232422,
      1.2607066631317139,
      1.258151888847351,
      1.2729458808898926,
      1.2731527090072632,
      1.26518976688385,
      1.2706949710845947,
      1.2408421039581299,
      1.2720353603363037,
      1.2588189840316772,
      1.1833118200302124
    ],
    [
      1.2698931694030762,
      1.2619686126708984,
      1.2677961587905884,
      1.268294095993042,
      1.2644076347351074,
      1.2659099102020264,
      1.2699999809265137,
      1.2704684734344482,
      1.2731910943984985,
      1.2668845653533936,
      1.2633919715881348,
      1.2740453481674194,
      1.2688827514648438,
      1.2553811073303223,
      1.258032202720642,
      1.2605769634246826,
      1.268501877784729,
      1.2680835723876953,
      1.258604645729065,
      1.271172285079956,
      1.2610301971435547,
      1.178252935409546
    ],
    [
      1.2713083028793335,
      1.2632968425750732,
      1.2694529294967651,
      1.2717232704162598,
      1.270802617073059,
      1.2569880485534668,
      1.2613935470581055,
      1.2606291770935059,
      1.2592649459838867,
      1.2627440690994263,
      1.271529197692871,
      1.2643146514892578,
      1.2727088928222656,
      1.2700493335723877,
      1.2761855125427246,
      1.2663559913635254,
      1.2592419385910034,
      1.2584843635559082,
      1.265674352645874,
      1.2525763511657715,
      1.2716904878616333,
      1.1892130374908447
    ],
    [
      1.2686675786972046,
      1.261235237121582,
      1.2691175937652588,
      1.2683519124984741,
      1.2664415836334229,
      1.2715554237365723,
      1.2491376399993896,
      1.2547740936279297,
      1.2646379470825195,
      1.2745254039764404,
      1.273331642150879,
      1.273471713066101,
      1.2713422775268555,
      1.2642946243286133,
      1.260622262954712,
      1.2632231712341309,
      1.260503888130188,
      1.2575571537017822,
      1.2711379528045654,
      1.2647331953048706,
      1.2592148780822754,
      1.1786246299743652
    ],
    [
      1.270977258682251,
      1.266333818435669,
      1.2680985927581787,
      1.267803430557251,
      1.2628087997436523,
      1.2640634775161743,
      1.2788972854614258,
      1.2668265104293823,
      1.2563154697418213,
      1.253703236579895,
      1.2718708515167236,
      1.266355037689209,
      1.277817726135254,
      1.2697526216506958,
      1.2602887153625488,
      1.2664381265640259,
      1.2530003786087036,
      1.262883186340332,
      1.2716541290283203,
      1.2719630002975464,
      1.263362169265747,
      1.1872457265853882
    ],
    [
      1.2722525596618652,
      1.2622814178466797,
      1.2712712287902832,
      1.2697975635528564,
      1.2549214363098145,
      1.2552533149719238,
      1.2540194988250732,
      1.2739286422729492,
      1.2567988634109497,
      1.2644712924957275,
      1.2630722522735596,
      1.270780324935913,
      1.267899751663208,
      1.2616584300994873,
      1.2601633071899414,
      1.273916244506836,
      1.2813893556594849,
      1.275937795639038,
      1.2561287879943848,
      1.2730042934417725,
      1.2737571001052856,
      1.1772246360778809
    ],
    [
      1.272749900817871,
      1.2627606391906738,
      1.259035587310791,
      1.2748003005981445,
      1.2553523778915405,
      1.2751262187957764,
      1.2631852626800537,
      1.2660961151123047,
      1.2691760063171387,
      1.2724093198776245,
      1.2700281143188477,
      1.2597756385803223,
      1.2643834352493286,
      1.2767043113708496,
      1.268810749053955,
      1.2782096862792969,
      1.261067271232605,
      1.2533447742462158,
      1.265573263168335,
      1.2512750625610352,
      1.268481969833374,
      1.1854089498519897
    ]
  ],
  "valid_loss": [],