{
  "epoch": [
    1,
    2,
    3,
    4,
    5,
    6,
    7,
    8,
    9,
    10
  ],
  "iter": [],
  "train_loss": [
    [
      1.2887904644012451,
      1.2841782569885254,
      1.276869535446167,
      1.282013177871704,
      1.286576271057129,
      1.2802627086639404,
      1.2809696197509766,
      1.2878236770629883,
      1.2679977416992188,
      1.2871414422988892,
      1.2933261394500732,
      1.2918341159820557,
      1.2787342071533203,
      1.2857861518859863,
      1.2908861637115479,
      1.2950892448425293,
      1.2832428216934204,
      1.2906688451766968,
      1.2812767028808594,
      1.294208288192749,
      1.2858299016952515,
      1.1418962478637695
    ],
    [
      1.4385268688201904,
      1.4428434371948242,
      1.4291890859603882,
      1.4354164600372314,
      1.4309132099151611,
      1.4311881065368652,
      1.4395097494125366,
      1.4180994033813477,
      1.4272217750549316,
      1.4306174516677856,
      1.4392082691192627,
      1.4390819072723389,
      1.4433181285858154,
      1.4426754713058472,
      1.4365942478179932,
      1.4158833026885986,
      1.4524515867233276,
      1.4268975257873535,
      1.4336042404174805,
      1.451557993888855,
      1.4393247365951538,
      1.2855414152145386
    ],
    [
      1.2930073738098145,
      1.290479302406311,
      1.2778669595718384,
      1.289858102798462,
      1.2789990901947021,
      1.2865478992462158,
      1.2917178869247437,
      1.2795482873916626,
      1.285917043685913,
      1.2883632183074951,
      1.2705318927764893,
      1.2800543308258057,
      1.2768690586090088,
      1.2818264961242676,
      1.2880635261535645,
      1.290269136428833,
      1.2958014011383057,
      1.2782775163650513,
      1.286867618560791,
      1.296012043952942,
      1.3069275617599487,
      1.1320545673370361
    ],
    [
      1.2823889255523682,
      1.2890019416809082,
      1.2805328369140625,
      1.2890262603759766,
      1.2901657819747925,
      1.2852962017059326,
      1.2897322177886963,
      1.290969967842102,
      1.288478136062622,
      1.2834179401397705,
      1.2776174545288086,
      1.2882442474365234,
      1.2911347150802612,
      1.2869508266448975,
      1.2734222412109375,
      1.2971892356872559,
      1.2942392826080322,
      1.2844862937927246,
      1.278801441192627,
      1.2835309505462646,
      1.2818775177001953,
      1.150024175643921
    ],
    [
      1.2976469993591309,
      1.288656234741211,
      1.2874773740768433,
      1.2907023429870605,
      1.2868409156799316,
      1.2824616432189941,
      1.2876574993133545,
      1.2852354049682617,
      1.2884284257888794,
      1.2951991558074951,
      1.2731598615646362,
      1.2948009967803955,
      1.2646205425262451,
      1.2958123683929443,
      1.2792022228240967,
      1.2752394676208496,
      1.2988250255584717,
      1.293342113494873,
      1.2904844284057617,
      1.2699785232543945,
      1.2937817573547363,
      1.1394959688186646
    ],
    [
      1.291866660118103,
      1.286819577217102,
      1.2717399597167969,
      1.2858729362487793,
      1.2890429496765137,
      1.2989076375961304,
      1.279274821281433,
      1.2906793355941772,
      1.3014254570007324,
      1.29661226272583,
      1.2868764400482178,
      1.2919100522994995,
      1.2782063484191895,
      1.284730315208435,
      1.2855185270309448,
      1.290971279144287,
      1.2982712984085083,
      1.2803044319152832,
      1.285993218421936,
      1.2487857341766357,
      1.2974783182144165,
      1.1423978805541992
    ],
    [
      1.2787134647369385,
      1.2783863544464111,
      1.28917396068573,
      1.284017562866211,
      1.292069673538208,
      1.2848899364471436,
      1.2637042999267578,
      1.2878623008728027,
      1.2944226264953613,
      1.294020175933838,
      1.2970908880233765,
      1.296016812324524,
      1.2920784950256348,
      1.276902437210083,
      1.283142328262329,
      1.2861064672470093,
      1.289125680923462,
      1.2837811708450317,
      1.2889786958694458,
      1.2874813079833984,
      1.2825937271118164,
      1.1435555219650269
    ],
    [
      1.280248999595642,
      1.293860673904419,
      1.2896342277526855,
      1.2799173593521118,
      1.2823405265808105,
      1.2940776348114014,
      1.2815756797790527,
      1.2878221273422241,
      1.270407795906067,
      1.2863667011260986,
      1.273122787475586,
      1.2909364700317383,
      1.2775272130966187,
      1.2887258529663086,
      1.275852918624878,
      1.286210060119629,
      1.2901318073272705,
      1.2936429977416992,
      1.2864272594451904,
      1.2924072742462158,
      1.2872581481933594,
      1.1284842491149902
    ],
    [
      1.2976086139678955,
      1.2854516506195068,
      1.2739782333374023,
      1.297311544418335,
      1.2934203147888184,
      1.2791051864624023,
      1.290358304977417,
      1.2917561531066895,
      1.2874419689178467,
      1.282358169555664,
      1.2778923511505127,
      1.272208571434021,
      1.2859468460083008,
      1.2933363914489746,
      1.2926385402679443,
      1.2802069187164307,
      1.2925187349319458,
      1.292333722114563,
      1.2930506467819214,
      1.2850843667984009,
      1.2959964275360107,
      1.1344481706619263
    ],
    [
      1.2849152088165283,
      1.2829487323760986,
      1.288846731185913,
      1.2918719053268433,
      1.2946033477783203,
      1.2764778137207031,
      1.280627727508545,
      1.277420997619629,
      1.2883048057556152,
      1.2997663021087646,
      1.2802469730377197,
      1.2628153562545776,
      1.2755885124206543,
      1.2775585651397705,
      1.271066427230835,
      1.2824097871780396,
      1.2924449443817139,
      1.299269676208496,
      1.2883527278900146,
      1.2983572483062744,
      1.2893694639205933,
      1.1435059309005737
    ]
  ],
  "valid_loss": [],