{
  "epoch": [
    1,
    2,
    3,
    4,
    5,
    6,
    7,
    8,
    9,
    10
  ],
  "iter": [],
  "train_loss": [
    [
      1.2799010276794434,
      1.2857122421264648,
      1.2848360538482666,
      1.2814316749572754,
      1.2773852348327637,
      1.2598141431808472,
      1.277789831161499,
      1.2780907154083252,
      1.2914377450942993,
      1.2832269668579102,
      1.2939894199371338,
      1.2875362634658813,
      1.2792365550994873,
      1.2775628566741943,
      1.2872474193572998,
      1.2768796682357788,
      1.2883083820343018,
      1.2828543186187744,
      1.281867265701294,
      1.292637586593628,
      1.291473150253296,
      1.181067943572998
    ],
    [
      1.4304956197738647,
      1.4377374649047852,
      1.4314953088760376,
      1.4370375871658325,
      1.448034644126892,
      1.4365147352218628,
      1.4178622961044312,
      1.439775824546814,
      1.4431289434432983,
      1.442298173904419,
      1.4315824508666992,
      1.4316339492797852,
      1.4334897994995117,
      1.434441328048706,
      1.4387433528900146,
      1.4334813356399536,
      1.4137283563613892,
      1.4366503953933716,
      1.4324181079864502,
      1.428486943244934,
      1.4356276988983154,
      1.332509994506836
    ],
    [
      1.288914442062378,
      1.2775812149047852,
      1.2783430814743042,
      1.2792868614196777,
      1.274174690246582,
      1.2779234647750854,
      1.2897779941558838,
      1.2881724834442139,
      1.2907726764678955,
      1.2916836738586426,
      1.2845598459243774,
      1.2823361158370972,
      1.2934399843215942,
      1.2970296144485474,
      1.296260118484497,
      1.287103533744812,
      1.2801072597503662,
      1.2847189903259277,
      1.2830493450164795,
      1.2725646495819092,
      1.2798848152160645,
      1.187652349472046
    ],
    [
      1.2862879037857056,
      1.2716033458709717,
      1.2808836698532104,
      1.2913379669189453,
      1.2915664911270142,
      1.2964662313461304,
      1.2751209735870361,
      1.2956594228744507,
      1.2835934162139893,
      1.2771883010864258,
      1.2777436971664429,
      1.2910654544830322,
      1.2783974409103394,
      1.286243200302124,
      1.2737059593200684,
      1.2710468769073486,
      1.2886453866958618,
      1.2977888584136963,
      1.277806282043457,
      1.2836151123046875,
      1.2797837257385254,
      1.1865493059158325
    ],
    [
      1.2896864414215088,
      1.2863528728485107,
      1.2920583486557007,
      1.2830594778060913,
      1.2849335670471191,
      1.2787115573883057,
      1.28104567527771,
      1.2879430055618286,
      1.2881269454956055,
      1.2912883758544922,
      1.2880849838256836,
      1.2822054624557495,
      1.2787072658538818,
      1.2871806621551514,
      1.2605667114257812,
      1.2794585227966309,
      1.2766286134719849,
      1.2852082252502441,
      1.2903780937194824,
      1.2768305540084839,
      1.2929109334945679,
      1.1821061372756958
    ],
    [
      1.2871520519256592,
      1.2749109268188477,
      1.2831627130508423,
      1.2667818069458008,
      1.2869288921356201,
      1.2879431247711182,
      1.2787692546844482,
      1.2842738628387451,
      1.2854104042053223,
      1.2785618305206299,
      1.2824201583862305,
      1.2916710376739502,
      1.2833003997802734,
      1.2848351001739502,
      1.2906452417373657,
      1.2812132835388184,
      1.282557725906372,
      1.2855011224746704,
      1.293322205543518,
      1.2976007461547852,
      1.2769653797149658,
      1.1863369941711426
    ],
    [
      1.2915124893188477,
      1.2787634134292603,
      1.279585838317871,
      1.279784083366394,
      1.2898709774017334,
      1.2767033576965332,
      1.2788395881652832,
      1.2938441038131714,
      1.2822747230529785,
      1.2910746335983276,
      1.2944583892822266,
      1.2854440212249756,
      1.2796478271484375,
      1.279097318649292,
      1.2939033508300781,
      1.2815577983856201,
      1.2892756462097168,
      1.2713152170181274,
      1.288364052772522,
      1.2806140184402466,
      1.2859625816345215,
      1.1885865926742554
    ],
    [
      1.2894539833068848,
      1.2907012701034546,
      1.283652663230896,
      1.2955713272094727,
      1.2831799983978271,
      1.2853070497512817,
      1.2816798686981201,
      1.2803319692611694,
      1.2862553596496582,
      1.284942388534546,
      1.2807316780090332,
      1.2842159271240234,
      1.2878316640853882,
      1.2868542671203613,
      1.2854633331298828,
      1.291306972503662,
      1.2784873247146606,
      1.2728157043457031,
      1.2793384790420532,
      1.2753925323486328,
      1.2825548648834229,
      1.183157205581665
    ],
    [
      1.2910130023956299,
      1.2875686883926392,
      1.2906060218811035,
      1.2707240581512451,
      1.2831335067749023,
      1.265636682510376,
      1.2766379117965698,
      1.2923023700714111,
      1.2787911891937256,
      1.2842237949371338,
      1.292421579360962,
      1.281341552734375,
      1.2786948680877686,
      1.2851357460021973,
      1.2713100910186768,
      1.2684528827667236,
      1.2892465591430664,
      1.2866222858428955,
      1.2896814346313477,
      1.292799949645996,
      1.2764523029327393,
      1.1928914785385132
    ],
    [
      1.2878190279006958,
      1.2822974920272827,
      1.2903292179107666,
      1.2785086631774902,
      1.3008596897125244,
      1.278881549835205,
      1.278865098953247,
      1.2708373069763184,
      1.2868884801864624,
      1.2796759605407715,
      1.2836239337921143,
      1.2731447219848633,
      1.2681761980056763,
      1.2763828039169312,
      1.2904458045959473,
      1.2783128023147583,
      1.2817561626434326,
      1.2874339818954468,
      1.2928557395935059,
      1.282009482383728,
      1.2876214981079102,
      1.185591459274292
    ]
  ],
  "valid_loss": [],