{
  "epoch": [
    1,
    2,
    3,
    4,
    5,
    6,
    7,
    8,
    9,
    10
  ],
  "iter": [],
  "train_loss": [
    [
      1.2701791524887085,
      1.282752513885498,
      1.2697978019714355,
      1.2631926536560059,
      1.2811164855957031,
      1.2723479270935059,
      1.2788105010986328,
      1.2779399156570435,
      1.2707648277282715,
      1.275895357131958,
      1.275154709815979,
      1.2727975845336914,
      1.279231309890747,
      1.2805824279785156,
      1.277694582939148,
      1.286168098449707,
      1.2821011543273926,
      1.287961483001709,
      1.287337064743042,
      1.252493977546692,
      1.2440361976623535,
      1.2153574228286743
    ],
    [
      1.438202977180481,
      1.4231667518615723,
      1.4126712083816528,
      1.4287209510803223,
      1.4324308633804321,
      1.4233698844909668,
      1.421776533126831,
      1.4245357513427734,
      1.4304558038711548,
      1.4165527820587158,
      1.419797420501709,
      1.4221869707107544,
      1.4295817613601685,
      1.4244329929351807,
      1.4128915071487427,
      1.4363839626312256,
      1.4236150979995728,
      1.4168753623962402,
      1.4105119705200195,
      1.4046608209609985,
      1.4377315044403076,
      1.3788295984268188
    ],
    [
      1.270064353942871,
      1.2418498992919922,
      1.2664718627929688,
      1.2804571390151978,
      1.283034086227417,
      1.2770780324935913,
      1.29298734664917,
      1.2759770154953003,
      1.2736577987670898,
      1.2835116386413574,
      1.2541905641555786,
      1.2681363821029663,
      1.256338119506836,
      1.2805237770080566,
      1.2814102172851562,
      1.2744324207305908,
      1.2846213579177856,
      1.276174783706665,
      1.2772884368896484,
      1.2692408561706543,
      1.286071538925171,
      1.2395002841949463
    ],
    [
      1.2627389430999756,
      1.2777800559997559,
      1.2800381183624268,
      1.272081971168518,
      1.2519017457962036,
      1.2592798471450806,
      1.2888028621673584,
      1.286492109298706,
      1.2490912675857544,
      1.281165361404419,
      1.2766070365905762,
      1.2789843082427979,
      1.279433250427246,
      1.2898656129837036,
      1.2770280838012695,
      1.2855514287948608,
      1.275892972946167,
      1.2740930318832397,
      1.2823975086212158,
      1.273011565208435,
      1.2847598791122437,
      1.2305011749267578
    ],
    [
      1.2848345041275024,
      1.2788792848587036,
      1.2711015939712524,
      1.2772279977798462,
      1.2682597637176514,
      1.280864953994751,
      1.2740161418914795,
      1.264082431793213,
      1.2711360454559326,
      1.2880375385284424,
      1.274868130683899,
      1.2827460765838623,
      1.2558045387268066,
      1.2771039009094238,
      1.2830926179885864,
      1.2722764015197754,
      1.2756071090698242,
      1.2700570821762085,
      1.2747066020965576,
      1.27951180934906,
      1.2538974285125732,
      1.228558897972107
    ],
    [
      1.2731587886810303,
      1.2699658870697021,
      1.2804912328720093,
      1.2841529846191406,
      1.2835466861724854,
      1.2703518867492676,
      1.2860589027404785,
      1.2621586322784424,
      1.2708773612976074,
      1.2796337604522705,
      1.2804796695709229,
      1.2746436595916748,
      1.2575783729553223,
      1.283643126487732,
      1.282644510269165,
      1.2767250537872314,
      1.269037127494812,
      1.272770881652832,
      1.2759209871292114,
      1.2743018865585327,
      1.2862985134124756,
      1.2349998950958252
    ],
    [
      1.2933704853057861,
      1.2865413427352905,
      1.265033483505249,
      1.2856659889221191,
      1.2680554389953613,
      1.2904284000396729,
      1.2683806419372559,
      1.2744112014770508,
      1.2629306316375732,
      1.264726996421814,
      1.2754147052764893,
      1.2771172523498535,
      1.2613983154296875,
      1.280745267868042,
      1.2772207260131836,
      1.2854481935501099,
      1.2812741994857788,
      1.2863798141479492,
      1.267622947692871,
      1.2845449447631836,
      1.2617732286453247,
      1.221003770828247
    ],
    [
      1.2765315771102905,
      1.276559591293335,
      1.2743151187896729,
      1.270308256149292,
      1.2750499248504639,
      1.2795891761779785,
      1.2589484453201294,
      1.2769010066986084,
      1.2590396404266357,
      1.253964900970459,
      1.2904115915298462,
      1.282709002494812,
      1.2740975618362427,
      1.2578402757644653,
      1.2843811511993408,
      1.2826979160308838,
      1.2764872312545776,
      1.2877904176712036,
      1.2770895957946777,
      1.2651348114013672,
      1.282785415649414,
      1.2340494394302368
    ],
    [
      1.2635698318481445,
      1.2594499588012695,
      1.2806928157806396,
      1.276085376739502,
      1.2809295654296875,
      1.2639110088348389,
      1.2686467170715332,
      1.2692288160324097,
      1.277793526649475,
      1.2744829654693604,
      1.278071641921997,
      1.2834928035736084,
      1.270845890045166,
      1.273592233657837,
      1.270413875579834,
      1.28481125831604,
      1.278367519378662,
      1.2617698907852173,
      1.2664737701416016,
      1.2752362489700317,
      1.2855710983276367,
      1.2362315654754639
    ],
    [
      1.276263952255249,
      1.2650375366210938,
      1.2844557762145996,
      1.2923309803009033,
      1.2773412466049194,
      1.2728615999221802,
      1.255452275276184,
      1.259967565536499,
      1.273162603378296,
      1.2792911529541016,
      1.283023715019226,
      1.2689807415008545,
      1.2790429592132568,
      1.269816279411316,
      1.2830142974853516,
      1.2715513706207275,
      1.2838428020477295,
      1.2722909450531006,
      1.2913944721221924,
      1.264621615409851,
      1.27823805809021,
      1.2371411323547363
    ]
  ],
  "valid_loss": [],