{
  "epoch": [
    1,
    2,
    3,
    4,
    5,
    6,
    7,
    8,
    9,
    10
  ],
  "iter": [],
  "train_loss": [
    [
      1.2858316898345947,
      1.2784273624420166,
      1.2766611576080322,
      1.2803659439086914,
      1.2856054306030273,
      1.282691478729248,
      1.2853062152862549,
      1.29659104347229,
      1.2800674438476562,
      1.2933824062347412,
      1.2804491519927979,
      1.2868428230285645,
      1.2818408012390137,
      1.289216160774231,
      1.2826499938964844,
      1.2798333168029785,
      1.28694486618042,
      1.296606421470642,
      1.2958950996398926,
      1.2723603248596191,
      1.2834664583206177,
      1.0752389430999756
    ],
    [
      1.4303693771362305,
      1.433275818824768,
      1.4291969537734985,
      1.4402976036071777,
      1.4370784759521484,
      1.448169231414795,
      1.4390898942947388,
      1.4398447275161743,
      1.4350721836090088,
      1.4228253364562988,
      1.4319446086883545,
      1.4414973258972168,
      1.4341086149215698,
      1.4336334466934204,
      1.4361414909362793,
      1.4238160848617554,
      1.4484100341796875,
      1.4401311874389648,
      1.428036093711853,
      1.4415442943572998,
      1.4334200620651245,
      1.238054633140564
    ],
    [
      1.2853612899780273,
      1.2742419242858887,
      1.2923585176467896,
      1.2921446561813354,
      1.289957046508789,
      1.2875767946243286,
      1.2750325202941895,
      1.2818381786346436,
      1.2844810485839844,
      1.2840903997421265,
      1.252713680267334,
      1.278288722038269,
      1.2901415824890137,
      1.2849502563476562,
      1.2898398637771606,
      1.292667031288147,
      1.2960259914398193,
      1.272836685180664,
      1.2877764701843262,
      1.2768971920013428,
      1.2957119941711426,
      1.1007885932922363
    ],
    [
      1.294191837310791,
      1.2836850881576538,
      1.2834434509277344,
      1.2922172546386719,
      1.2762374877929688,
      1.283425211906433,
      1.290003776550293,
      1.284214735031128,
      1.2805843353271484,
      1.2815837860107422,
      1.2936012744903564,
      1.2694458961486816,
      1.2942277193069458,
      1.273435115814209,
      1.2823834419250488,
      1.2921855449676514,
      1.293351173400879,
      1.2831969261169434,
      1.283076524734497,
      1.2702841758728027,
      1.2823823690414429,
      1.0929272174835205
    ],
    [
      1.2723201513290405,
      1.2946888208389282,
      1.2888548374176025,
      1.2946206331253052,
      1.2748467922210693,
      1.2893586158752441,
      1.2871294021606445,
      1.2894846200942993,
      1.2900458574295044,
      1.2947278022766113,
      1.2868847846984863,
      1.2649047374725342,
      1.2909612655639648,
      1.2784533500671387,
      1.2841769456863403,
      1.2858915328979492,
      1.2894389629364014,
      1.2893798351287842,
      1.2823448181152344,
      1.2760103940963745,
      1.2803027629852295,
      1.0892422199249268
    ],
    [
      1.2776124477386475,
      1.2868199348449707,
      1.2922141551971436,
      1.2904846668243408,
      1.3005067110061646,
      1.288245439529419,
      1.2495367527008057,
      1.2913811206817627,
      1.291489601135254,
      1.2882795333862305,
      1.2869229316711426,
      1.295986533164978,
      1.2802101373672485,
      1.2790195941925049,
      1.2692186832427979,
      1.2748196125030518,
      1.2817275524139404,
      1.2904314994812012,
      1.2951927185058594,
      1.2865524291992188,
      1.2895047664642334,
      1.0846824645996094
    ],
    [
      1.2890785932540894,
      1.2900272607803345,
      1.2820384502410889,
      1.2843981981277466,
      1.285416603088379,
      1.2892100811004639,
      1.2793773412704468,
      1.2877931594848633,
      1.2812938690185547,
      1.280440330505371,
      1.2805935144424438,
      1.2913799285888672,
      1.2837777137756348,
      1.2961208820343018,
      1.2799432277679443,
      1.2834734916687012,
      1.291377067565918,
      1.295127511024475,
      1.2620755434036255,
      1.2825185060501099,
      1.2937495708465576,
      1.0890634059906006
    ],
    [
      1.2621486186981201,
      1.2860047817230225,
      1.2965013980865479,
      1.2986574172973633,
      1.287207841873169,
      1.2841534614562988,
      1.2781249284744263,
      1.2842018604278564,
      1.2882598638534546,
      1.2741279602050781,
      1.282949686050415,
      1.2861895561218262,
      1.2983379364013672,
      1.2861988544464111,
      1.2710174322128296,
      1.2865852117538452,
      1.2861171960830688,
      1.2815301418304443,
      1.2832412719726562,
      1.2856018543243408,
      1.2850821018218994,
      1.0864522457122803
    ],
    [
      1.2855769395828247,
      1.280364751815796,
      1.28391695022583,
      1.2875666618347168,
      1.2928483486175537,
      1.2882782220840454,
      1.2902189493179321,
      1.2769193649291992,
      1.2772140502929688,
      1.2966187000274658,
      1.2630815505981445,
      1.284139633178711,
      1.283310890197754,
      1.2843608856201172,
      1.2884193658828735,
      1.2848681211471558,
      1.282433271408081,
      1.2844500541687012,
      1.2908450365066528,
      1.2953264713287354,
      1.2780828475952148,
      1.0774325132369995
    ],
    [
      1.291618824005127,
      1.288873553276062,
      1.2896488904953003,
      1.278479814529419,
      1.2810627222061157,
      1.2899291515350342,
      1.2884224653244019,
      1.2806529998779297,
      1.2791287899017334,
      1.2981667518615723,
      1.2849905490875244,
      1.2903966903686523,
      1.28202223777771,
      1.282800555229187,
      1.2855315208435059,
      1.2845823764801025,
      1.2837458848953247,
      1.3011469841003418,
      1.2835659980773926,
      1.262821912765503,
      1.2908496856689453,
      1.084258794784546
    ]
  ],
  "valid_loss": [],