{
  "epoch": [
    1,
    2,
    3,
    4,
    5,
    6,
    7,
    8,
    9,
    10
  ],
  "iter": [],
  "train_loss": [
    [
      1.261242151260376,
      1.2606565952301025,
      1.2264111042022705,
      1.2558491230010986,
      1.258367657661438,
      1.2585434913635254,
      1.2580363750457764,
      1.2551915645599365,
      1.2657421827316284,
      1.2242515087127686,
      1.2653735876083374,
      1.2596473693847656,
      1.2394187450408936,
      1.253875970840454,
      1.2616784572601318,
      1.2593673467636108,
      1.250815987586975,
      1.263725996017456,
      1.24832284450531,
      1.0310273170471191
    ],
    [
      1.4089977741241455,
      1.4152145385742188,
      1.4065674543380737,
      1.4041578769683838,
      1.4044368267059326,
      1.411934733390808,
      1.4001588821411133,
      1.3694320917129517,
      1.4074294567108154,
      1.4112873077392578,
      1.4031928777694702,
      1.4012683629989624,
      1.408568263053894,
      1.4056286811828613,
      1.4150707721710205,
      1.4033530950546265,
      1.4095593690872192,
      1.4167252779006958,
      1.4057533740997314,
      1.179652452468872
    ],
    [
      1.251913070678711,
      1.2527222633361816,
      1.2613893747329712,
      1.258876085281372,
      1.2208025455474854,
      1.233981966972351,
      1.2611448764801025,
      1.2610208988189697,
      1.2508759498596191,
      1.2548502683639526,
      1.2548353672027588,
      1.2573730945587158,
      1.2555876970291138,
      1.2574572563171387,
      1.2611117362976074,
      1.2579054832458496,
      1.2471455335617065,
      1.2667831182479858,
      1.2527287006378174,
      1.0357494354248047
    ],
    [
      1.2529659271240234,
      1.2534456253051758,
      1.2666120529174805,
      1.2604504823684692,
      1.2514698505401611,
      1.231032133102417,
      1.2650492191314697,
      1.2563568353652954,
      1.2498371601104736,
      1.2140063047409058,
      1.2617743015289307,
      1.2608160972595215,
      1.2437684535980225,
      1.2460423707962036,
      1.2576820850372314,
      1.259778618812561,
      1.2573564052581787,
      1.2600864171981812,
      1.262734055519104,
      1.029503345489502
    ],
    [
      1.2518309354782104,
      1.2196398973464966,
      1.2151401042938232,
      1.2162449359893799,
      1.2637085914611816,
      1.2629491090774536,
      1.2499107122421265,
      1.2468786239624023,
      1.253549575805664,
      1.256542682647705,
      1.242629885673523,
      1.2553761005401611,
      1.2627686262130737,
      1.2535490989685059,
      1.2529138326644897,
      1.2599338293075562,
      1.2551231384277344,
      1.2591638565063477,
      1.2586863040924072,
      1.0310876369476318
    ],
    [
      1.255381464958191,
      1.2572171688079834,
      1.2627387046813965,
      1.2556746006011963,
      1.2583420276641846,
      1.2498910427093506,
      1.2583703994750977,
      1.2631735801696777,
      1.2436442375183105,
      1.2557951211929321,
      1.260962963104248,
      1.2571955919265747,
      1.246614933013916,
      1.2556538581848145,
      1.2560534477233887,
      1.2681336402893066,
      1.2537274360656738,
      1.2522754669189453,
      1.2601099014282227,
      1.0416603088378906
    ],
    [
      1.2575266361236572,
      1.2552742958068848,
      1.2576274871826172,
      1.2676637172698975,
      1.2580063343048096,
      1.2548847198486328,
      1.2532896995544434,
      1.2566730976104736,
      1.2596100568771362,
      1.2597947120666504,
      1.2638156414031982,
      1.2527669668197632,
      1.2586719989776611,
      1.2567200660705566,
      1.2568862438201904,
      1.2456058263778687,
      1.2503044605255127,
      1.2584893703460693,
      1.2482088804244995,
      1.033876657485962
    ],
    [
      1.270456075668335,
      1.22853422164917,
      1.2580897808074951,
      1.2568199634552002,
      1.2549018859863281,
      1.2212576866149902,
      1.2616013288497925,
      1.2617967128753662,
      1.2531154155731201,
      1.2552897930145264,
      1.2516584396362305,
      1.2619447708129883,
      1.261714220046997,
      1.2549796104431152,
      1.2675758600234985,
      1.2594280242919922,
      1.249651312828064,
      1.2641569375991821,
      1.2599393129348755,
      1.0280251502990723
    ],
    [
      1.2666090726852417,
      1.2570725679397583,
      1.252044439315796,
      1.2613160610198975,
      1.2602598667144775,
      1.2605136632919312,
      1.2643828392028809,
      1.2244691848754883,
      1.2508957386016846,
      1.2116117477416992,
      1.2534947395324707,
      1.2578266859054565,
      1.2570210695266724,
      1.2664263248443604,
      1.256458044052124,
      1.2692852020263672,
      1.2527997493743896,
      1.2545146942138672,
      1.2614991664886475,
      1.03544020652771
    ],
    [
      1.2632346153259277,
      1.2581626176834106,
      1.2518402338027954,
      1.2509021759033203,
      1.257402777671814,
      1.2467119693756104,
      1.2629073858261108,
      1.2596120834350586,
      1.2600780725479126,
      1.248246192932129,
      1.2533714771270752,
      1.2586021423339844,
      1.2467317581176758,
      1.2755718231201172,
      1.2328598499298096,
      1.266571044921875,
      1.2604210376739502,
      1.254756212234497,
      1.2536516189575195,
      1.0312930345535278
    ]
  ],
  "valid_loss": [],